{
  "section_id": "SECT_12",
  "length_m": 44.416416616153725,
  "straight_count": 2,
  "bend_count": 1,
  "straights": [
    {
      "length_m": 14.064642338800443,
      "cumulative_forward_tension_n": 103.48060600772426,
      "cumulative_reverse_tension_n": 330.5843572905714
    },
    {
      "length_m": 30.174898699129635,
      "cumulative_forward_tension_n": 327.8657942689258,
      "cumulative_reverse_tension_n": 222.0118171788463
    }
  ],
  "bends": [
    {
      "angle_deg": 2.59851900798742,
      "radius_m": 3.9,
      "cumulative_forward_tension_n": 105.8539770900795,
      "cumulative_reverse_tension_n": 227.10375128284716,
      "sidewall_pressure_n_m": 27.142045407712693
    }
  ],
  "forward_tension_n": 327.8657942689258,
  "reverse_tension_n": 222.0118171788463,
  "max_sidewall_pressure_n_m": 58.23173109816594,
  "cumulative_forward_n": 21963.89190284369,
  "cumulative_reverse_n": 33521.22939344495
}
