{
  "section_id": "SECT_06",
  "length_m": 20.969594060818974,
  "straight_count": 1,
  "bend_count": 0,
  "straights": [
    {
      "length_m": 20.969594060818974,
      "cumulative_forward_tension_n": 154.28378830247559,
      "cumulative_reverse_tension_n": 154.28378830247559
    }
  ],
  "bends": [],
  "forward_tension_n": 154.28378830247559,
  "reverse_tension_n": 154.28378830247559,
  "max_sidewall_pressure_n_m": 0.0,
  "cumulative_forward_n": 19829.986326926133,
  "cumulative_reverse_n": 31279.42613551281
}
