{
  "section_id": "SECT_08",
  "length_m": 20.96446541853642,
  "straight_count": 1,
  "bend_count": 0,
  "straights": [
    {
      "length_m": 20.96446541853642,
      "cumulative_forward_tension_n": 154.2460543168817,
      "cumulative_reverse_tension_n": 154.2460543168817
    }
  ],
  "bends": [],
  "forward_tension_n": 154.2460543168817,
  "reverse_tension_n": 154.2460543168817,
  "max_sidewall_pressure_n_m": 0.0,
  "cumulative_forward_n": 19984.232381243015,
  "cumulative_reverse_n": 31433.672189829693
}
