{
  "section_id": "SECT_08",
  "length_m": 20.96446541853642,
  "straight_count": 1,
  "bend_count": 0,
  "straights": [
    {
      "length_m": 20.96446541853642,
      "cumulative_forward_tension_n": 312.2630139376264,
      "cumulative_reverse_tension_n": 312.2630139376264
    }
  ],
  "bends": [],
  "forward_tension_n": 312.2630139376264,
  "reverse_tension_n": 312.2630139376264,
  "max_sidewall_pressure_n_m": 0.0,
  "cumulative_forward_n": 173435.62291753868,
  "cumulative_reverse_n": 283233.33007881284
}